date,longitude,latitude,sst_celsius,current_u_m_s,current_v_m_s,current_speed_m_s,current_direction_deg
2023-09-01,79.5,6.0,28.53,4.78,-0.04,4.780167361086848,90.47945139879657
2023-09-01,79.5,6.388888888888889,28.81,3.05,0.77,3.1456954715928873,75.83122990755416
2023-09-01,79.5,6.777777777777778,28.86,2.43,3.07,3.9153288495348635,38.362704760799794
2023-09-01,79.5,7.166666666666667,28.82,1.89,3.62,4.083687059508845,27.569036546884373
2023-09-01,79.5,7.555555555555555,28.84,0.29,5.39,5.397795846454365,3.079734830498647
2023-09-01,79.5,7.944444444444445,28.65,1.83,4.45,4.811590173736746,22.354226946326282
2023-09-01,79.5,8.333333333333334,28.41,2.58,4.07,4.818848410149463,32.37088146310614
2023-09-01,79.5,8.722222222222221,28.63,1.65,3.23,3.6270373585062505,27.05957706753917
2023-09-01,79.5,9.11111111111111,28.94,1.13,1.71,2.049634113689563,33.45747429956313
2023-09-01,79.5,9.5,29.25,0.24,1.39,1.4105672617780407,9.79620991747452
2023-09-01,79.77777777777777,6.0,28.53,2.72,1.74,3.22893171188243,57.39271347694604
2023-09-01,79.77777777777777,6.388888888888889,28.81,1.87,2.42,3.0583165303807256,37.69424046668917
2023-09-01,79.77777777777777,6.777777777777778,28.86,0.55,2.82,2.873134177166113,11.036166327684132
2023-09-01,79.77777777777777,7.166666666666667,28.82,,,,
2023-09-01,79.77777777777777,7.555555555555555,28.84,,,,
2023-09-01,79.77777777777777,7.944444444444445,28.65,,,,
2023-09-01,79.77777777777777,8.333333333333334,28.41,,,,
2023-09-01,79.77777777777777,8.722222222222221,28.63,-0.39,1.58,1.6274212730574713,346.13453331251935
2023-09-01,79.77777777777777,9.11111111111111,28.94,,,,
2023-09-01,79.77777777777777,9.5,29.25,-0.31,1.79,1.8166452598127132,350.17472295785154
2023-09-01,80.05555555555556,6.0,28.45,1.49,1.78,2.3213142829009605,39.93198187339484
2023-09-01,80.05555555555556,6.388888888888889,28.63,,,,
2023-09-01,80.05555555555556,6.777777777777778,28.81,,,,
2023-09-01,80.05555555555556,7.166666666666667,28.91,,,,
2023-09-01,80.05555555555556,7.555555555555555,28.98,,,,
2023-09-01,80.05555555555556,8.722222222222221,28.76,,,,
2023-09-01,80.05555555555556,9.11111111111111,29.01,,,,
2023-09-01,80.05555555555556,9.5,29.15,,,,
2023-09-01,80.33333333333333,6.0,28.51,,,,
2023-09-01,80.61111111111111,6.0,28.71,,,,
2023-09-01,80.61111111111111,9.5,,0.02,0.21,0.21095023109728983,5.440332031005506
2023-09-01,80.88888888888889,6.0,28.91,0.68,0.44,0.8099382692526635,57.094757077012105
2023-09-01,80.88888888888889,9.11111111111111,29.34,,,,
2023-09-01,80.88888888888889,9.5,29.47,0.84,1.84,2.022671500763285,24.53772847657779
2023-09-01,81.16666666666667,6.0,28.89,7.04,2.68,7.532861342146157,69.15908066043269
2023-09-01,81.16666666666667,8.722222222222221,29.32,0.3,0.3,0.4242640687119285,45.0
2023-09-01,81.16666666666667,9.11111111111111,29.47,1.62,-0.61,1.7310401497365682,110.63352425215824
2023-09-01,81.16666666666667,9.5,29.62,2.3,-1.61,2.8075077916187516,124.99202019855868
2023-09-01,81.44444444444444,6.0,28.93,11.24,4.73,12.19469146801181,67.1777411639197
2023-09-01,81.44444444444444,6.388888888888889,28.55,,,,
2023-09-01,81.44444444444444,7.944444444444445,29.29,,,,
2023-09-01,81.44444444444444,8.333333333333334,29.27,-0.23,-1.84,1.8543192821086665,187.1250163489018
2023-09-01,81.44444444444444,8.722222222222221,29.56,2.41,-1.18,2.6833747408813404,116.08759739976841
2023-09-01,81.44444444444444,9.11111111111111,29.71,2.04,-1.01,2.276334773270399,116.33992157138424
2023-09-01,81.44444444444444,9.5,29.76,2.18,-0.83,2.3326594264915745,110.84352790245167
2023-09-01,81.72222222222223,6.0,28.93,9.8,6.45,11.73211404649648,56.64855606983661
2023-09-01,81.72222222222223,6.388888888888889,28.55,3.57,4.27,5.565770386927581,39.89783474764182
2023-09-01,81.72222222222223,7.944444444444445,29.29,0.11,2.18,2.1827734651126764,2.888621549842957
2023-09-01,81.72222222222223,8.333333333333334,29.27,1.03,-1.55,1.8610212250267324,146.39532105389284
2023-09-01,81.72222222222223,8.722222222222221,29.56,2.3,-1.82,2.932984827782101,128.3547217897256
2023-09-01,81.72222222222223,9.11111111111111,29.71,1.97,-0.57,2.0508047201037938,106.13727656171785
2023-09-01,81.72222222222223,9.5,29.76,1.16,0.78,1.3978555004005242,56.08256946302965
2023-09-01,82.0,6.0,28.94,7.91,6.56,10.276268778112025,50.33006531156775
2023-09-01,82.0,6.388888888888889,28.52,10.08,11.2,15.068058932722556,41.987212495816664
2023-09-01,82.0,6.777777777777778,28.28,4.87,7.13,8.634454238688164,34.33422679074135
2023-09-01,82.0,7.166666666666667,28.46,1.4,3.08,3.38325287260648,24.443954780416533
2023-09-01,82.0,7.555555555555555,28.8,0.17,3.16,3.164569480987896,3.079399408500179
2023-09-01,82.0,7.944444444444445,29.39,1.35,0.41,1.41088624630053,73.10626982080188
2023-09-01,82.0,8.333333333333334,29.48,0.55,-1.87,1.9492049661336288,163.61045966596524
2023-09-01,82.0,8.722222222222221,29.66,1.91,-1.11,2.2091174708466728,120.16309123843934
2023-09-01,82.0,9.11111111111111,29.74,2.02,0.14,2.0248456731316584,86.03534527714389
2023-09-01,82.0,9.5,29.73,1.34,1.24,1.8257053431482313,47.219655553197896
2023-09-08,79.5,6.0,28.73,5.31,-0.99,5.401499791724516,100.56101069119639
2023-09-08,79.5,6.388888888888889,28.28,3.49,-0.56,3.5346428390998716,99.11588683285602
2023-09-08,79.5,6.777777777777778,28.23,2.12,0.18,2.1276277869965887,85.14690361300764
2023-09-08,79.5,7.166666666666667,28.36,1.51,-0.63,1.6361540269791228,112.64680231301061
2023-09-08,79.5,7.555555555555555,28.48,0.63,-0.75,0.9794896630388705,139.9697407281103
2023-09-08,79.5,7.944444444444445,28.36,1.22,-1.54,1.96468827043885,141.61346048231476
2023-09-08,79.5,8.333333333333334,28.24,1.26,-0.77,1.4766516176810291,121.42956561483851
2023-09-08,79.5,8.722222222222221,28.56,2.37,0.08,2.3713498265755732,88.06669930508153
2023-09-08,79.5,9.11111111111111,28.89,2.51,1.89,3.142005728829914,53.02068979552839
2023-09-08,79.5,9.5,29.15,0.49,2.07,2.1272047386182646,13.317633972949373
2023-09-08,79.77777777777777,6.0,28.73,3.3,0.71,3.375514775556463,77.8578224666
2023-09-08,79.77777777777777,6.388888888888889,28.28,1.82,1.76,2.5317977802344327,45.960174566666346
2023-09-08,79.77777777777777,6.777777777777778,28.23,0.22,3.6,3.6067159577654575,3.4970597392982494
2023-09-08,79.77777777777777,7.166666666666667,28.36,,,,
2023-09-08,79.77777777777777,7.555555555555555,28.48,,,,
2023-09-08,79.77777777777777,7.944444444444445,28.36,,,,
2023-09-08,79.77777777777777,8.333333333333334,28.24,,,,
2023-09-08,79.77777777777777,8.722222222222221,28.56,-0.35,1.56,1.598780785473731,347.354579603467
2023-09-08,79.77777777777777,9.11111111111111,28.89,,,,
2023-09-08,79.77777777777777,9.5,29.15,0.02,2.5,2.500079998720041,0.4583564580004315
2023-09-08,80.05555555555556,6.0,28.69,3.33,-0.31,3.3443983016381287,95.31851269753055
2023-09-08,80.05555555555556,6.388888888888889,28.38,,,,
2023-09-08,80.05555555555556,6.777777777777778,28.38,,,,
2023-09-08,80.05555555555556,7.166666666666667,28.53,,,,
2023-09-08,80.05555555555556,7.555555555555555,28.64,,,,
2023-09-08,80.05555555555556,8.722222222222221,28.65,,,,
2023-09-08,80.05555555555556,9.11111111111111,28.86,,,,
2023-09-08,80.05555555555556,9.5,29.01,,,,
2023-09-08,80.33333333333333,6.0,28.56,,,,
2023-09-08,80.61111111111111,6.0,28.52,,,,
2023-09-08,80.61111111111111,9.5,,0.05,0.28,0.28442925306655786,10.124671655397817
2023-09-08,80.88888888888889,6.0,28.45,0.44,0.42,0.6082762530298219,46.332219853869645
2023-09-08,80.88888888888889,9.11111111111111,29.07,,,,
2023-09-08,80.88888888888889,9.5,29.21,0.58,2.97,3.0261031046545654,11.050005250972415
2023-09-08,81.16666666666667,6.0,28.43,6.18,2.56,6.689245099411442,67.49873240227201
2023-09-08,81.16666666666667,8.722222222222221,28.95,0.14,0.56,0.5772347875864725,14.036243467926479
2023-09-08,81.16666666666667,9.11111111111111,29.11,2.3,-0.15,2.3048861143232218,93.73139699916045
2023-09-08,81.16666666666667,9.5,29.29,3.66,-0.96,3.783807606102615,104.69731927951192
2023-09-08,81.44444444444444,6.0,28.65,9.07,4.23,10.007886889848427,64.99694106938267
2023-09-08,81.44444444444444,6.388888888888889,28.17,,,,
2023-09-08,81.44444444444444,7.944444444444445,29.28,,,,
2023-09-08,81.44444444444444,8.333333333333334,29.14,-0.17,-0.99,1.0044899203078146,189.74364128703715
2023-09-08,81.44444444444444,8.722222222222221,29.23,2.03,0.01,2.030024630392449,89.71775706372915
2023-09-08,81.44444444444444,9.11111111111111,29.32,2.92,-0.68,2.9981327522309615,103.10920819815429
2023-09-08,81.44444444444444,9.5,29.35,3.81,-0.46,3.8376685630731586,96.88427919618
2023-09-08,81.72222222222223,6.0,28.65,6.32,5.59,8.437446296125387,48.50744408832463
2023-09-08,81.72222222222223,6.388888888888889,28.17,2.93,4.31,5.211621628629615,34.20842924855757
2023-09-08,81.72222222222223,7.944444444444445,29.28,0.38,0.83,0.9128526715741154,24.599790605157466
2023-09-08,81.72222222222223,8.333333333333334,29.14,2.0,-0.55,2.074246851269154,105.3762512488262
2023-09-08,81.72222222222223,8.722222222222221,29.23,3.35,-0.57,3.3981465536377327,99.65635652023973
2023-09-08,81.72222222222223,9.11111111111111,29.32,2.92,-0.1,2.9217118269945788,91.96141766777033
2023-09-08,81.72222222222223,9.5,29.35,3.3,0.07,3.3007423407470022,88.78481721698148
2023-09-08,82.0,6.0,28.69,5.47,5.71,7.907275131168764,43.77022581512132
2023-09-08,82.0,6.388888888888889,28.27,6.58,8.91,11.076303535024671,36.445722123507494
2023-09-08,82.0,6.777777777777778,28.1,4.52,10.31,11.257286529177447,23.67309271162986
2023-09-08,82.0,7.166666666666667,28.25,1.77,4.34,4.6870566456999425,22.1873102483379
2023-09-08,82.0,7.555555555555555,28.62,-0.2,3.79,3.7952733761878075,356.97927789130944
2023-09-08,82.0,7.944444444444445,29.32,1.49,0.24,1.509205088780183,80.84974322198512
2023-09-08,82.0,8.333333333333334,29.34,1.64,-1.01,1.9260581507316958,121.62699060587595
2023-09-08,82.0,8.722222222222221,29.31,2.98,-0.24,2.989648808806814,94.60448715698152
2023-09-08,82.0,9.11111111111111,29.31,2.81,0.27,2.8229417280560365,84.51156069271492
2023-09-08,82.0,9.5,29.28,3.28,-0.17,3.284402533186211,92.96694355532266
2023-09-15,79.5,6.0,28.29,3.01,-0.1,3.011660671456862,91.90281440431502
2023-09-15,79.5,6.388888888888889,28.24,1.94,-1.23,2.297063342618135,122.37553999321203
2023-09-15,79.5,6.777777777777778,28.36,-0.49,1.22,1.3147243057006286,338.1176643252128
2023-09-15,79.5,7.166666666666667,28.35,0.64,-1.02,1.2041594578792296,147.89374404488217
2023-09-15,79.5,7.555555555555555,28.35,0.12,-0.92,0.9277930803794562,172.56859202882748
2023-09-15,79.5,7.944444444444445,28.22,0.93,-0.06,0.9319334740205442,93.69138598645128
2023-09-15,79.5,8.333333333333334,28.02,-0.3,-0.81,0.8637708029332782,200.32313682966293
2023-09-15,79.5,8.722222222222221,28.33,2.7,0.06,2.7006665843824558,88.72696997994329
2023-09-15,79.5,9.11111111111111,28.66,1.95,1.92,2.7365854636754903,45.44414443311193
2023-09-15,79.5,9.5,28.99,0.46,1.9,1.9548913013259843,13.609731895812201
2023-09-15,79.77777777777777,6.0,28.29,3.49,0.56,3.5346428390998716,80.88411316714398
2023-09-15,79.77777777777777,6.388888888888889,28.24,0.21,2.24,2.249822215198348,5.355825042855189
2023-09-15,79.77777777777777,6.777777777777778,28.36,0.37,3.24,3.261058110491134,6.514814305681327
2023-09-15,79.77777777777777,7.166666666666667,28.35,,,,
2023-09-15,79.77777777777777,7.555555555555555,28.35,,,,
2023-09-15,79.77777777777777,7.944444444444445,28.22,,,,
2023-09-15,79.77777777777777,8.333333333333334,28.02,,,,
2023-09-15,79.77777777777777,8.722222222222221,28.33,-0.26,1.45,1.4731259280862583,349.8343051204573
2023-09-15,79.77777777777777,9.11111111111111,28.66,,,,
2023-09-15,79.77777777777777,9.5,28.99,0.02,2.06,2.060097085090894,0.5562522270806725
2023-09-15,80.05555555555556,6.0,28.41,2.39,-0.8,2.5203372790164416,108.50683809449852
2023-09-15,80.05555555555556,6.388888888888889,28.42,,,,
2023-09-15,80.05555555555556,6.777777777777778,28.5,,,,
2023-09-15,80.05555555555556,7.166666666666667,28.49,,,,
2023-09-15,80.05555555555556,7.555555555555555,28.46,,,,
2023-09-15,80.05555555555556,8.722222222222221,28.46,,,,
2023-09-15,80.05555555555556,9.11111111111111,28.69,,,,
2023-09-15,80.05555555555556,9.5,28.91,,,,
2023-09-15,80.33333333333333,6.0,28.61,,,,
2023-09-15,80.61111111111111,6.0,28.63,,,,
2023-09-15,80.61111111111111,9.5,,0.04,0.25,0.25317977802344327,9.090276920822323
2023-09-15,80.88888888888889,6.0,28.66,0.68,0.42,0.7992496481075234,58.29857033049428
2023-09-15,80.88888888888889,9.11111111111111,28.83,,,,
2023-09-15,80.88888888888889,9.5,28.96,0.57,1.37,1.483846353232032,22.590162628506736
2023-09-15,81.16666666666667,6.0,28.64,7.31,2.24,7.645501945588661,72.96338787381455
2023-09-15,81.16666666666667,8.722222222222221,28.84,0.31,0.5,0.5883026432033092,31.79891282429442
2023-09-15,81.16666666666667,9.11111111111111,28.95,1.66,0.64,1.7791008965204869,68.91624541761936
2023-09-15,81.16666666666667,9.5,29.11,2.9,-2.1,3.5805027579936315,125.90972307917767
2023-09-15,81.44444444444444,6.0,28.76,10.37,4.29,11.222343783720047,67.52544585439809
2023-09-15,81.44444444444444,6.388888888888889,28.36,,,,
2023-09-15,81.44444444444444,7.944444444444445,29.07,,,,
2023-09-15,81.44444444444444,8.333333333333334,29.19,-0.28,-0.96,1.0,196.26020470831193
2023-09-15,81.44444444444444,8.722222222222221,29.18,1.44,2.24,2.6629307163349183,32.735226272107596
2023-09-15,81.44444444444444,9.11111111111111,29.24,2.76,-0.49,2.8031589323475754,100.06718186707731
2023-09-15,81.44444444444444,9.5,29.31,2.81,-0.73,2.90327401393668,104.56275627829429
2023-09-15,81.72222222222223,6.0,28.76,8.3,6.95,10.825548484949852,50.05889804398846
2023-09-15,81.72222222222223,6.388888888888889,28.36,3.67,5.55,6.653675675895242,33.4751197992366
2023-09-15,81.72222222222223,7.944444444444445,29.07,-0.06,0.63,0.6328506932918696,354.5596679689945
2023-09-15,81.72222222222223,8.333333333333334,29.19,-1.08,0.76,1.3206059215375343,305.13419305691565
2023-09-15,81.72222222222223,8.722222222222221,29.18,1.01,0.45,1.105712440013225,65.9848978358822
2023-09-15,81.72222222222223,9.11111111111111,29.24,3.3,2.33,4.039665827763479,54.77559097431944
2023-09-15,81.72222222222223,9.5,29.31,4.11,2.41,4.764472688556416,59.613719171047336
2023-09-15,82.0,6.0,28.85,6.11,8.46,10.435693556252025,35.83765295427829
2023-09-15,82.0,6.388888888888889,28.46,7.34,11.12,13.324038426843416,33.427682359946644
2023-09-15,82.0,6.777777777777778,28.17,4.34,9.21,10.181340776145351,25.231075955733697
2023-09-15,82.0,7.166666666666667,28.19,1.26,5.32,5.4671747731346585,13.324531261890785
2023-09-15,82.0,7.555555555555555,28.37,1.07,0.81,1.3420134127496641,52.87393813172563
2023-09-15,82.0,7.944444444444445,29.01,0.92,-0.33,0.9773944955850734,109.732689499661
2023-09-15,82.0,8.333333333333334,29.31,-1.09,-0.81,1.3580132547217645,233.38324848092935
2023-09-15,82.0,8.722222222222221,29.24,0.28,-1.57,1.5947727110782903,169.88795968908738
2023-09-15,82.0,9.11111111111111,29.24,1.63,-0.48,1.6992056967889437,106.40856915416315
2023-09-15,82.0,9.5,29.24,3.82,1.92,4.275371328902321,63.3150833502756
2023-09-22,79.5,6.0,28.69,1.4,1.75,2.2410934831014973,38.65980825409009
2023-09-22,79.5,6.388888888888889,28.42,1.79,2.83,3.34858178935501,32.31371459436576
2023-09-22,79.5,6.777777777777778,28.43,2.24,4.47,4.999849997749933,26.61629962451385
2023-09-22,79.5,7.166666666666667,28.4,1.85,4.23,4.616860405080492,23.62227171810326
2023-09-22,79.5,7.555555555555555,28.35,1.14,3.8,3.967316473386009,16.69924423399362
2023-09-22,79.5,7.944444444444445,28.17,1.81,4.56,4.906088054652097,21.64960421833325
2023-09-22,79.5,8.333333333333334,28.08,1.81,3.85,4.254244938881635,25.179618912525253
2023-09-22,79.5,8.722222222222221,28.43,-0.31,3.21,3.224934107853988,354.48386880468706
2023-09-22,79.5,9.11111111111111,28.71,0.82,1.59,1.7889941307897015,27.281211122548395
2023-09-22,79.5,9.5,28.96,0.09,1.25,1.2532358118087752,4.118189703988783
2023-09-22,79.77777777777777,6.0,28.69,-0.02,2.92,2.9200684923473967,359.6075692906591
2023-09-22,79.77777777777777,6.388888888888889,28.42,0.03,4.74,4.740094935758144,0.36262667396251363
2023-09-22,79.77777777777777,6.777777777777778,28.43,0.31,2.49,2.509222987301049,7.096694166575358
2023-09-22,79.77777777777777,7.166666666666667,28.4,,,,
2023-09-22,79.77777777777777,7.555555555555555,28.35,,,,
2023-09-22,79.77777777777777,7.944444444444445,28.17,,,,
2023-09-22,79.77777777777777,8.333333333333334,28.08,,,,
2023-09-22,79.77777777777777,8.722222222222221,28.43,-0.39,1.39,1.443675863897433,344.3271794904568
2023-09-22,79.77777777777777,9.11111111111111,28.71,,,,
2023-09-22,79.77777777777777,9.5,28.96,-0.41,1.64,1.6904733065032407,345.96375653207355
2023-09-22,80.05555555555556,6.0,28.72,-0.36,2.64,2.664432397340942,352.23483398157464
2023-09-22,80.05555555555556,6.388888888888889,28.55,,,,
2023-09-22,80.05555555555556,6.777777777777778,28.59,,,,
2023-09-22,80.05555555555556,7.166666666666667,28.55,,,,
2023-09-22,80.05555555555556,7.555555555555555,28.5,,,,
2023-09-22,80.05555555555556,8.722222222222221,28.58,,,,
2023-09-22,80.05555555555556,9.11111111111111,28.79,,,,
2023-09-22,80.05555555555556,9.5,28.93,,,,
2023-09-22,80.33333333333333,6.0,28.75,,,,
2023-09-22,80.61111111111111,6.0,28.8,,,,
2023-09-22,80.61111111111111,9.5,,-0.06,0.25,0.2570992026436488,346.50426671920417
2023-09-22,80.88888888888889,6.0,28.83,0.77,0.51,0.9235799911215054,56.4819913547481
2023-09-22,80.88888888888889,9.11111111111111,29.02,,,,
2023-09-22,80.88888888888889,9.5,29.04,0.52,1.36,1.4560219778561039,20.924501744921166
2023-09-22,81.16666666666667,6.0,28.81,9.46,3.1,9.954978653919857,71.85625974709927
2023-09-22,81.16666666666667,8.722222222222221,29.04,-0.08,0.77,0.7741446893184761,354.06847307508025
2023-09-22,81.16666666666667,9.11111111111111,29.09,0.06,1.28,1.2814054783713078,2.6837751594689845
2023-09-22,81.16666666666667,9.5,29.12,0.37,1.01,1.0756393447619885,20.1196331408183
2023-09-22,81.44444444444444,6.0,28.98,13.31,5.36,14.348717712743534,68.0651205814968
2023-09-22,81.44444444444444,6.388888888888889,28.7,,,,
2023-09-22,81.44444444444444,7.944444444444445,29.32,,,,
2023-09-22,81.44444444444444,8.333333333333334,29.26,-0.6,-1.4,1.5231546211727816,203.19859051364818
2023-09-22,81.44444444444444,8.722222222222221,29.27,-0.16,2.7,2.704736586065268,356.60866058020366
2023-09-22,81.44444444444444,9.11111111111111,29.26,0.28,2.45,2.4659480935331954,6.519801751656987
2023-09-22,81.44444444444444,9.5,29.26,1.07,2.44,2.664301034042512,23.678632633213383
2023-09-22,81.72222222222223,6.0,28.98,11.23,7.12,13.296890613974382,57.62464759241751
2023-09-22,81.72222222222223,6.388888888888889,28.7,3.58,4.84,6.020132888898716,36.48920039441726
2023-09-22,81.72222222222223,7.944444444444445,29.32,0.08,1.71,1.7118703221914913,2.6785512554432445
2023-09-22,81.72222222222223,8.333333333333334,29.26,1.46,0.97,1.7528548142958102,56.400590277339546
2023-09-22,81.72222222222223,8.722222222222221,29.27,1.52,-3.05,3.407770532180827,153.51014009145356
2023-09-22,81.72222222222223,9.11111111111111,29.26,-0.68,-2.56,2.6487733009829286,194.87568200163878
2023-09-22,81.72222222222223,9.5,29.26,1.62,-0.54,1.7076299364909249,108.43494882292202
2023-09-22,82.0,6.0,29.01,6.87,6.11,9.193965412160304,48.35093475480979
2023-09-22,82.0,6.388888888888889,28.78,10.44,12.81,16.525425864406643,39.17963094717662
2023-09-22,82.0,6.777777777777778,28.54,5.74,10.93,12.345545755453665,27.706663801250496
2023-09-22,82.0,7.166666666666667,28.6,1.75,5.81,6.067833221175413,16.762554461832746
2023-09-22,82.0,7.555555555555555,28.76,1.23,2.66,2.930614270080592,24.816105132523756
2023-09-22,82.0,7.944444444444445,29.26,0.49,1.28,1.3705838172107534,20.94747058695116
2023-09-22,82.0,8.333333333333334,29.37,3.53,0.0,3.53,90.0
2023-09-22,82.0,8.722222222222221,29.32,0.25,-3.34,3.349343219199848,175.71937600189776
2023-09-22,82.0,9.11111111111111,29.27,-2.99,-4.0,4.9940064076851165,216.77811433706836
2023-09-22,82.0,9.5,29.23,-1.09,-2.46,2.6906690617762714,203.897625855669
2023-09-29,79.5,6.0,28.79,2.25,-0.82,2.3947651241823276,110.02398826987697
2023-09-29,79.5,6.388888888888889,28.5,1.54,0.65,1.6715561611863359,67.11646558554305
2023-09-29,79.5,6.777777777777778,28.35,1.3,2.06,2.4358981916328113,32.25471052686715
2023-09-29,79.5,7.166666666666667,28.27,1.09,2.9,3.0980800506119914,20.59933631789091
2023-09-29,79.5,7.555555555555555,28.24,0.59,3.2,3.2539360780445583,10.446589449428815
2023-09-29,79.5,7.944444444444445,28.13,1.11,2.97,3.170646621747684,20.49259476987029
2023-09-29,79.5,8.333333333333334,28.15,2.5,2.29,3.3902949724175917,47.510316022925046
2023-09-29,79.5,8.722222222222221,28.64,1.08,3.16,3.3394610343586884,18.86899945506142
2023-09-29,79.5,9.11111111111111,28.97,2.03,2.35,3.105382424114621,40.82143103111053
2023-09-29,79.5,9.5,29.29,0.5,2.12,2.178164364780583,13.270643876403678
2023-09-29,79.77777777777777,6.0,28.79,1.51,-0.17,1.5195394038984313,96.42347043655657
2023-09-29,79.77777777777777,6.388888888888889,28.5,1.34,1.82,2.2600884938426637,36.362868584929245
2023-09-29,79.77777777777777,6.777777777777778,28.35,0.18,2.69,2.696015578590005,3.828211468475016
2023-09-29,79.77777777777777,7.166666666666667,28.27,,,,
2023-09-29,79.77777777777777,7.555555555555555,28.24,,,,
2023-09-29,79.77777777777777,7.944444444444445,28.13,,,,
2023-09-29,79.77777777777777,8.333333333333334,28.15,,,,
2023-09-29,79.77777777777777,8.722222222222221,28.64,-0.03,1.62,1.6202777539668933,358.9390883097358
2023-09-29,79.77777777777777,9.11111111111111,28.97,,,,
2023-09-29,79.77777777777777,9.5,29.29,-0.11,2.16,2.1627991122617005,357.0846778833575
2023-09-29,80.05555555555556,6.0,28.79,1.62,-0.29,1.6457521077003063,100.14915179896826
2023-09-29,80.05555555555556,6.388888888888889,28.54,,,,
2023-09-29,80.05555555555556,6.777777777777778,28.4,,,,
2023-09-29,80.05555555555556,7.166666666666667,28.31,,,,
2023-09-29,80.05555555555556,7.555555555555555,28.27,,,,
2023-09-29,80.05555555555556,8.722222222222221,28.79,,,,
2023-09-29,80.05555555555556,9.11111111111111,29.11,,,,
2023-09-29,80.05555555555556,9.5,29.18,,,,
2023-09-29,80.33333333333333,6.0,28.78,,,,
2023-09-29,80.61111111111111,6.0,28.72,,,,
2023-09-29,80.61111111111111,9.5,,0.08,0.23,0.24351591323771843,19.17900802581072
2023-09-29,80.88888888888889,6.0,28.64,0.28,0.17,0.32756678708318404,58.73626830562258
2023-09-29,80.88888888888889,9.11111111111111,29.12,,,,
2023-09-29,80.88888888888889,9.5,29.1,0.62,2.81,2.877585793681919,12.44242137504305
2023-09-29,81.16666666666667,6.0,28.59,3.57,1.26,3.7858288392371886,70.5599651718238
2023-09-29,81.16666666666667,8.722222222222221,29.09,0.32,0.77,0.8338465086573188,22.567009077874612
2023-09-29,81.16666666666667,9.11111111111111,29.17,1.98,1.6,2.5456629784792804,51.05898772397834
2023-09-29,81.16666666666667,9.5,29.18,2.59,0.59,2.656350880437296,77.16705258577585
2023-09-29,81.44444444444444,6.0,28.56,5.69,2.93,6.400078124523168,62.754318191093084
2023-09-29,81.44444444444444,6.388888888888889,28.37,,,,
2023-09-29,81.44444444444444,7.944444444444445,29.17,,,,
2023-09-29,81.44444444444444,8.333333333333334,29.1,-0.31,-0.32,0.4455333881989093,224.09061955080085
2023-09-29,81.44444444444444,8.722222222222221,29.14,1.8,2.8,3.3286633954186473,32.7352262721076
2023-09-29,81.44444444444444,9.11111111111111,29.2,2.83,2.57,3.822800020927069,47.756556871536525
2023-09-29,81.44444444444444,9.5,29.21,4.26,1.05,4.387493589738907,76.15379158817348
2023-09-29,81.72222222222223,6.0,28.56,5.0,3.77,6.2620204407203905,52.98370655772472
2023-09-29,81.72222222222223,6.388888888888889,28.37,4.39,6.23,7.621351586168952,35.17062626368184
2023-09-29,81.72222222222223,7.944444444444445,29.17,0.42,-1.14,1.214907403878995,159.77514056883192
2023-09-29,81.72222222222223,8.333333333333334,29.1,1.17,-0.6,1.3148764200486676,117.14968169778317
2023-09-29,81.72222222222223,8.722222222222221,29.14,2.8,-1.03,2.983437614564782,110.1964059757122
2023-09-29,81.72222222222223,9.11111111111111,29.2,3.46,-1.82,3.9094756681683034,117.74488899790806
2023-09-29,81.72222222222223,9.5,29.21,4.45,-1.44,4.677189326935569,107.93134777322207
2023-09-29,82.0,6.0,28.56,2.66,4.3,5.056243665014573,31.74112781781933
2023-09-29,82.0,6.388888888888889,28.36,7.36,9.53,12.041200106301696,37.67883745566118
2023-09-29,82.0,6.777777777777778,28.46,5.72,13.0,14.202760295097569,23.74949449286676
2023-09-29,82.0,7.166666666666667,28.65,1.83,7.64,7.856112270073538,13.4702029321727
2023-09-29,82.0,7.555555555555555,28.83,3.21,-2.72,4.207433897282286,130.27634140083873
2023-09-29,82.0,7.944444444444445,29.1,1.33,-3.11,3.382454729926182,156.84589377827774
2023-09-29,82.0,8.333333333333334,29.15,1.96,-1.72,2.6076809620810595,131.26860300083956
2023-09-29,82.0,8.722222222222221,29.13,3.55,-2.42,4.2963821990134905,124.28186860488665
2023-09-29,82.0,9.11111111111111,29.16,3.74,-4.68,5.990826320300064,141.37006441239657
2023-09-29,82.0,9.5,29.14,2.76,-3.89,4.76966455843595,144.64385831361275
2023-10-06,79.5,6.0,28.56,0.27,0.91,0.9492101980067429,16.525796389925638
2023-10-06,79.5,6.388888888888889,28.23,0.6,2.63,2.6975729832573574,12.851337842005744
2023-10-06,79.5,6.777777777777778,28.29,1.78,2.43,3.0121918929576847,36.22316000727996
2023-10-06,79.5,7.166666666666667,28.37,2.38,2.38,3.365828278447966,45.0
2023-10-06,79.5,7.555555555555555,28.44,1.78,3.26,3.7142967032804473,28.63508183011909
2023-10-06,79.5,7.944444444444445,28.34,1.06,3.92,4.060788100849391,15.13136991165132
2023-10-06,79.5,8.333333333333334,28.28,0.36,1.67,1.7083617883809037,12.165029870286936
2023-10-06,79.5,8.722222222222221,28.49,0.64,0.28,0.6985699678629192,66.37062226934319
2023-10-06,79.5,9.11111111111111,28.65,1.25,2.13,2.46969633760914,30.406731781100692
2023-10-06,79.5,9.5,28.84,0.3,1.56,1.5885842753848471,10.885527054658738
2023-10-06,79.77777777777777,6.0,28.56,-0.63,2.23,2.317282891664287,344.22441919020093
2023-10-06,79.77777777777777,6.388888888888889,28.23,0.38,0.98,1.051094667477673,21.194056481542287
2023-10-06,79.77777777777777,6.777777777777778,28.29,0.63,-0.43,0.7627581530209953,124.31508759999728
2023-10-06,79.77777777777777,7.166666666666667,28.37,,,,
2023-10-06,79.77777777777777,7.555555555555555,28.44,,,,
2023-10-06,79.77777777777777,7.944444444444445,28.34,,,,
2023-10-06,79.77777777777777,8.333333333333334,28.28,,,,
2023-10-06,79.77777777777777,8.722222222222221,28.49,-0.06,1.12,1.1216059914247962,356.9335144988741
2023-10-06,79.77777777777777,9.11111111111111,28.65,,,,
2023-10-06,79.77777777777777,9.5,28.84,-0.27,1.56,1.5831929762350516,350.1806993612421
2023-10-06,80.05555555555556,6.0,28.71,-0.26,1.11,1.140043858805441,346.81703484145913
2023-10-06,80.05555555555556,6.388888888888889,28.26,,,,
2023-10-06,80.05555555555556,6.777777777777778,28.31,,,,
2023-10-06,80.05555555555556,7.166666666666667,28.42,,,,
2023-10-06,80.05555555555556,7.555555555555555,28.49,,,,
2023-10-06,80.05555555555556,8.722222222222221,28.62,,,,
2023-10-06,80.05555555555556,9.11111111111111,28.75,,,,
2023-10-06,80.05555555555556,9.5,28.85,,,,
2023-10-06,80.33333333333333,6.0,28.76,,,,
2023-10-06,80.61111111111111,6.0,28.91,,,,
2023-10-06,80.61111111111111,9.5,,0.08,0.11,0.13601470508735444,36.02737338510361
2023-10-06,80.88888888888889,6.0,28.98,0.4,0.36,0.5381449618829485,48.01278750418334
2023-10-06,80.88888888888889,9.11111111111111,29.16,,,,
2023-10-06,80.88888888888889,9.5,29.12,-0.41,2.24,2.2772132091659754,349.6276408607753
2023-10-06,81.16666666666667,6.0,28.98,3.6,0.9,3.710795063055895,75.96375653207353
2023-10-06,81.16666666666667,8.722222222222221,29.31,-0.04,0.6,0.6013318551349163,356.18592516570965
2023-10-06,81.16666666666667,9.11111111111111,29.29,-0.68,2.64,2.726169473822198,345.5559642755078
2023-10-06,81.16666666666667,9.5,29.24,-0.09,3.6,3.6011248242736604,358.56790381583534
2023-10-06,81.44444444444444,6.0,28.92,3.23,1.96,3.778160928282436,58.75015706896877
2023-10-06,81.44444444444444,6.388888888888889,28.78,,,,
2023-10-06,81.44444444444444,7.944444444444445,29.54,,,,
2023-10-06,81.44444444444444,8.333333333333334,29.55,0.05,-2.63,2.6304752422328557,178.9108578301035
2023-10-06,81.44444444444444,8.722222222222221,29.46,0.61,-0.76,0.9745255255764212,141.24837166503823
2023-10-06,81.44444444444444,9.11111111111111,29.4,-0.5,-1.21,1.3092364186807515,202.45154645600388
2023-10-06,81.44444444444444,9.5,29.3,0.06,-0.78,0.7823042886243179,175.6012946450045
2023-10-06,81.72222222222223,6.0,28.92,1.79,3.15,3.623065000796977,29.607575686253412
2023-10-06,81.72222222222223,6.388888888888889,28.78,3.82,5.41,6.622726024832977,35.22590815273823
2023-10-06,81.72222222222223,7.944444444444445,29.54,0.46,1.31,1.3884163640637488,19.348471534947443
2023-10-06,81.72222222222223,8.333333333333334,29.55,3.15,-2.43,3.978366498954062,127.64762064010765
2023-10-06,81.72222222222223,8.722222222222221,29.46,0.77,-3.46,3.5446438467073107,167.45365992312364
2023-10-06,81.72222222222223,9.11111111111111,29.4,-0.62,-3.61,3.66285407844757,189.74519853378243
2023-10-06,81.72222222222223,9.5,29.3,-0.9,-4.1,4.197618372363071,192.38075692880716
2023-10-06,82.0,6.0,28.88,0.22,4.79,4.795049530505394,2.6296908839540722
2023-10-06,82.0,6.388888888888889,28.81,4.64,7.64,8.938635242585972,31.271558986611947
2023-10-06,82.0,6.777777777777778,28.69,4.15,11.06,11.812963218430845,20.567398787157657
2023-10-06,82.0,7.166666666666667,28.8,0.61,9.76,9.779043920547652,3.576334374997351
2023-10-06,82.0,7.555555555555555,29.03,0.72,10.22,10.245330643761577,4.0298350929270566
2023-10-06,82.0,7.944444444444445,29.51,2.19,4.45,4.959697571425097,26.20340543286182
2023-10-06,82.0,8.333333333333334,29.63,2.24,1.29,2.584898450616581,60.06266719237691
2023-10-06,82.0,8.722222222222221,29.51,1.11,-2.01,2.2961271741782943,151.09081634885217
2023-10-06,82.0,9.11111111111111,29.4,-1.37,-3.43,3.6934807431473096,201.77260316423744
2023-10-06,82.0,9.5,29.27,-2.17,-3.16,3.833340579703296,214.47773122413378
2023-10-13,79.5,6.0,28.74,-1.88,2.21,2.901465147128257,319.6128941871903
2023-10-13,79.5,6.388888888888889,28.61,-0.04,2.42,2.4203305559365234,359.0530485532265
2023-10-13,79.5,6.777777777777778,28.53,1.94,2.09,2.8516135783096557,42.86838675699685
2023-10-13,79.5,7.166666666666667,28.53,0.81,2.54,2.6660270066148994,17.68735948975755
2023-10-13,79.5,7.555555555555555,28.53,0.92,1.69,1.9241881404893857,28.56293103355467
2023-10-13,79.5,7.944444444444445,28.6,1.31,2.91,3.1912693399335637,24.235931598726168
2023-10-13,79.5,8.333333333333334,28.63,0.64,0.85,1.0640018796975876,36.977596352672506
2023-10-13,79.5,8.722222222222221,28.8,0.19,0.83,0.85146931829632,12.893744044882157
2023-10-13,79.5,9.11111111111111,29.08,0.33,0.73,0.8011242100947892,24.325575239126113
2023-10-13,79.5,9.5,29.34,0.02,0.37,0.3705401462729781,3.0940580589171116
2023-10-13,79.77777777777777,6.0,28.74,-1.62,1.11,1.9637973418863772,304.4183644790562
2023-10-13,79.77777777777777,6.388888888888889,28.61,0.98,0.47,1.086876257906115,64.37800405539302
2023-10-13,79.77777777777777,6.777777777777778,28.53,0.28,1.31,1.3395894893585871,12.064884410525424
2023-10-13,79.77777777777777,7.166666666666667,28.53,,,,
2023-10-13,79.77777777777777,7.555555555555555,28.53,,,,
2023-10-13,79.77777777777777,7.944444444444445,28.6,,,,
2023-10-13,79.77777777777777,8.333333333333334,28.63,,,,
2023-10-13,79.77777777777777,8.722222222222221,28.8,-0.27,0.81,0.8538149682454624,341.565051177078
2023-10-13,79.77777777777777,9.11111111111111,29.08,,,,
2023-10-13,79.77777777777777,9.5,29.34,-0.03,0.42,0.42107006542854597,355.9143832200251
2023-10-13,80.05555555555556,6.0,28.79,-0.13,0.54,0.5554277630799527,346.46414363086575
2023-10-13,80.05555555555556,6.388888888888889,28.68,,,,
2023-10-13,80.05555555555556,6.777777777777778,28.63,,,,
2023-10-13,80.05555555555556,7.166666666666667,28.63,,,,
2023-10-13,80.05555555555556,7.555555555555555,28.66,,,,
2023-10-13,80.05555555555556,8.722222222222221,28.97,,,,
2023-10-13,80.05555555555556,9.11111111111111,29.23,,,,
2023-10-13,80.05555555555556,9.5,29.35,,,,
2023-10-13,80.33333333333333,6.0,28.86,,,,
2023-10-13,80.61111111111111,6.0,28.9,,,,
2023-10-13,80.61111111111111,9.5,,-0.1,0.14,0.17204650534085256,324.4623222080256
2023-10-13,80.88888888888889,6.0,28.93,-0.1,-0.12,0.1562049935181331,219.80557109226518
2023-10-13,80.88888888888889,9.11111111111111,29.59,,,,
2023-10-13,80.88888888888889,9.5,29.62,0.07,-0.75,0.7532595834106594,174.66784111834045
2023-10-13,81.16666666666667,6.0,28.94,0.8,0.54,0.9651942809610924,55.98065001017354
2023-10-13,81.16666666666667,8.722222222222221,29.57,0.86,-0.73,1.1280514172678477,130.32583628886923
2023-10-13,81.16666666666667,9.11111111111111,29.62,1.6,-3.46,3.8120335780263006,155.18286912757316
2023-10-13,81.16666666666667,9.5,29.63,0.08,-3.58,3.580893743187586,178.71986044039508
2023-10-13,81.44444444444444,6.0,28.95,1.98,1.26,2.3469128658729534,57.52880770915151
2023-10-13,81.44444444444444,6.388888888888889,28.86,,,,
2023-10-13,81.44444444444444,7.944444444444445,29.37,,,,
2023-10-13,81.44444444444444,8.333333333333334,29.48,0.19,-2.0,2.0090047287151913,174.57318750142718
2023-10-13,81.44444444444444,8.722222222222221,29.57,2.63,-4.62,5.316135814668395,150.34869548793506
2023-10-13,81.44444444444444,9.11111111111111,29.57,2.6,-4.95,5.591287865957181,152.2891859847469
2023-10-13,81.44444444444444,9.5,29.55,0.28,-4.64,4.648440598738462,176.5466837494689
2023-10-13,81.72222222222223,6.0,28.95,0.73,1.99,2.1196697856034086,20.14476286706354
2023-10-13,81.72222222222223,6.388888888888889,28.86,3.25,4.74,5.747181918123004,34.43664015835339
2023-10-13,81.72222222222223,7.944444444444445,29.37,0.89,-0.67,1.1140017953306898,126.97276248956804
2023-10-13,81.72222222222223,8.333333333333334,29.48,2.83,-4.01,4.9080546044232225,144.78801711496894
2023-10-13,81.72222222222223,8.722222222222221,29.57,3.58,-3.74,5.177257961508196,136.25216737520387
2023-10-13,81.72222222222223,9.11111111111111,29.57,0.3,-4.88,4.889212615544552,176.48214560419825
2023-10-13,81.72222222222223,9.5,29.55,0.11,-4.21,4.211436809451141,178.50330116024105
2023-10-13,82.0,6.0,28.98,-0.84,2.34,2.486201922612079,340.2531633945739
2023-10-13,82.0,6.388888888888889,28.95,3.2,5.65,6.493265742290239,29.52598731124174
2023-10-13,82.0,6.777777777777778,28.81,2.77,9.28,9.684590853515703,16.619910795109067
2023-10-13,82.0,7.166666666666667,28.83,0.32,8.65,8.655917051358568,2.1186464980221174
2023-10-13,82.0,7.555555555555555,28.95,0.93,8.81,8.858950276415372,6.02593233204291
2023-10-13,82.0,7.944444444444445,29.31,0.81,6.24,6.292352501251023,7.396076559712661
2023-10-13,82.0,8.333333333333334,29.47,1.91,-0.12,1.9137659209004638,93.5950096610091
2023-10-13,82.0,8.722222222222221,29.53,2.94,0.79,3.0442897365395427,74.95947122807162
2023-10-13,82.0,9.11111111111111,29.52,0.42,1.02,1.103086578651014,22.380135051959574
2023-10-13,82.0,9.5,29.49,-0.94,-4.31,4.411314996687495,192.3034013303028
2023-10-20,79.5,6.0,28.61,-0.86,-1.18,1.4601369798755184,216.08507304285212
2023-10-20,79.5,6.388888888888889,28.48,0.8,0.08,0.8039900496896712,84.28940686250037
2023-10-20,79.5,6.777777777777778,28.67,0.99,0.33,1.0435516278555652,71.56505117707799
2023-10-20,79.5,7.166666666666667,28.78,0.58,0.87,1.0456098698845568,33.690067525979785
2023-10-20,79.5,7.555555555555555,28.82,0.08,2.89,2.89110705439975,1.58563741109692
2023-10-20,79.5,7.944444444444445,28.71,0.3,2.92,2.9353705047233816,5.86597114172653
2023-10-20,79.5,8.333333333333334,28.75,0.44,2.46,2.499039815609187,10.140793146112795
2023-10-20,79.5,8.722222222222221,28.73,0.84,3.67,3.7649037172283704,12.891956735417937
2023-10-20,79.5,9.11111111111111,28.79,0.44,1.2,1.2781236246936365,20.136303428248137
2023-10-20,79.5,9.5,28.94,0.58,0.76,0.9560334722173696,37.34934904464059
2023-10-20,79.77777777777777,6.0,28.61,-2.34,2.29,3.274095294886818,314.38127913212315
2023-10-20,79.77777777777777,6.388888888888889,28.48,0.54,3.95,3.9867405232846544,7.784583927593701
2023-10-20,79.77777777777777,6.777777777777778,28.67,0.05,2.2,2.200568108466539,1.3019526725788753
2023-10-20,79.77777777777777,7.166666666666667,28.78,,,,
2023-10-20,79.77777777777777,7.555555555555555,28.82,,,,
2023-10-20,79.77777777777777,7.944444444444445,28.71,,,,
2023-10-20,79.77777777777777,8.333333333333334,28.75,,,,
2023-10-20,79.77777777777777,8.722222222222221,28.73,-0.53,0.45,0.6952697318307479,310.333141628561
2023-10-20,79.77777777777777,9.11111111111111,28.79,,,,
2023-10-20,79.77777777777777,9.5,28.94,0.17,0.43,0.46238512086787564,21.5713071912546
2023-10-20,80.05555555555556,6.0,28.53,-2.78,2.64,3.833797073398643,313.52036422910317
2023-10-20,80.05555555555556,6.388888888888889,28.38,,,,
2023-10-20,80.05555555555556,6.777777777777778,28.59,,,,
2023-10-20,80.05555555555556,7.166666666666667,28.86,,,,
2023-10-20,80.05555555555556,7.555555555555555,28.91,,,,
2023-10-20,80.05555555555556,8.722222222222221,28.85,,,,
2023-10-20,80.05555555555556,9.11111111111111,28.97,,,,
2023-10-20,80.05555555555556,9.5,29.04,,,,
2023-10-20,80.33333333333333,6.0,28.5,,,,
2023-10-20,80.61111111111111,6.0,28.49,,,,
2023-10-20,80.61111111111111,9.5,,0.17,0.01,0.17029386365926402,86.63353933657021
2023-10-20,80.88888888888889,6.0,28.54,0.35,0.13,0.3733630940518894,69.62356478616361
2023-10-20,80.88888888888889,9.11111111111111,29.4,,,,
2023-10-20,80.88888888888889,9.5,29.39,-1.4,2.9,3.2202484376209237,334.2306723756613
2023-10-20,81.16666666666667,6.0,28.63,3.53,0.31,3.543585754571208,84.9812346589189
2023-10-20,81.16666666666667,8.722222222222221,29.32,0.14,-0.04,0.14560219778561037,105.94539590092286
2023-10-20,81.16666666666667,9.11111111111111,29.36,0.27,-0.45,0.524785670536077,149.03624346792648
2023-10-20,81.16666666666667,9.5,29.39,-1.73,-0.36,1.7670597047072292,258.24493724030054
2023-10-20,81.44444444444444,6.0,28.77,3.86,0.63,3.9110740212887816,80.73034887577438
2023-10-20,81.44444444444444,6.388888888888889,28.84,,,,
2023-10-20,81.44444444444444,7.944444444444445,29.39,,,,
2023-10-20,81.44444444444444,8.333333333333334,29.52,-0.01,-2.13,2.1300234740490533,180.26899229369647
2023-10-20,81.44444444444444,8.722222222222221,29.41,1.16,-0.14,1.1684177335182824,96.88172363063696
2023-10-20,81.44444444444444,9.11111111111111,29.39,1.1,0.54,1.2253978945632313,63.853158764419106
2023-10-20,81.44444444444444,9.5,29.38,-1.19,-0.38,1.2491997438360287,252.29027547613725
2023-10-20,81.72222222222223,6.0,28.77,-0.52,0.79,0.9457801012920498,326.64597424848324
2023-10-20,81.72222222222223,6.388888888888889,28.84,1.17,1.79,2.138457387931777,33.169886673831954
2023-10-20,81.72222222222223,7.944444444444445,29.39,0.82,1.0,1.2932130528261767,39.351752626264734
2023-10-20,81.72222222222223,8.333333333333334,29.52,1.26,1.54,1.9897738564972653,39.28940686250036
2023-10-20,81.72222222222223,8.722222222222221,29.41,1.26,2.51,2.8085049403552773,26.656286417662017
2023-10-20,81.72222222222223,9.11111111111111,29.39,1.8,0.54,1.879255171603899,73.30075576600639
2023-10-20,81.72222222222223,9.5,29.38,0.96,1.57,1.840244548966251,31.444324960084714
2023-10-20,82.0,6.0,28.74,-2.24,0.15,2.2450167037240503,273.83105136105667
2023-10-20,82.0,6.388888888888889,28.79,0.34,4.95,4.961663027655143,3.9292961151793864
2023-10-20,82.0,6.777777777777778,28.63,0.16,7.91,7.911618039314082,1.1587957959348971
2023-10-20,82.0,7.166666666666667,28.7,-0.58,13.37,13.38257449073234,357.51602620546345
2023-10-20,82.0,7.555555555555555,28.83,-0.37,16.11,16.114248353553446,358.68431333843245
2023-10-20,82.0,7.944444444444445,29.36,-0.52,16.84,16.848026590672273,358.2313336545969
2023-10-20,82.0,8.333333333333334,29.5,0.24,17.89,17.89160976547387,0.7685948712850081
2023-10-20,82.0,8.722222222222221,29.38,1.35,17.55,17.60184649404715,4.398705354995532
2023-10-20,82.0,9.11111111111111,29.38,4.06,15.8,16.313295191346228,14.411054401222087
2023-10-20,82.0,9.5,29.37,3.0,4.61,5.500190905777726,33.05443694745329
2023-10-27,79.5,6.0,28.89,-3.11,6.11,6.855960910040255,333.0238315637768
2023-10-27,79.5,6.388888888888889,29.01,-0.58,6.12,6.147422223989499,354.5861774270873
2023-10-27,79.5,6.777777777777778,29.12,1.61,4.21,4.507349553784352,20.927993899455338
2023-10-27,79.5,7.166666666666667,29.1,1.05,2.04,2.2943626565998674,27.235146699302526
2023-10-27,79.5,7.555555555555555,29.11,-1.81,2.5,3.0864380764888186,324.0954615900248
2023-10-27,79.5,7.944444444444445,29.08,-1.74,3.49,3.8997051170569295,333.5006549632845
2023-10-27,79.5,8.333333333333334,29.06,-1.62,2.28,2.7969268849935993,324.6052041550129
2023-10-27,79.5,8.722222222222221,29.33,-1.47,0.77,1.6594577427581578,297.64597536373867
2023-10-27,79.5,9.11111111111111,29.52,-0.14,0.49,0.5096076922496363,344.05460409907715
2023-10-27,79.5,9.5,29.71,-0.09,-0.25,0.26570660511172844,199.79887635452494
2023-10-27,79.77777777777777,6.0,28.89,-2.98,5.07,5.880926797707994,329.55421394845695
2023-10-27,79.77777777777777,6.388888888888889,29.01,-0.7,3.29,3.36364385748551,347.9885216136346
2023-10-27,79.77777777777777,6.777777777777778,29.12,-0.18,2.25,2.2571885167172017,355.4260787400991
2023-10-27,79.77777777777777,7.166666666666667,29.1,,,,
2023-10-27,79.77777777777777,7.555555555555555,29.11,,,,
2023-10-27,79.77777777777777,7.944444444444445,29.08,,,,
2023-10-27,79.77777777777777,8.333333333333334,29.06,,,,
2023-10-27,79.77777777777777,8.722222222222221,29.33,-0.67,0.02,0.6702984409947558,271.7098140441415
2023-10-27,79.77777777777777,9.11111111111111,29.52,,,,
2023-10-27,79.77777777777777,9.5,29.71,-0.09,-0.26,0.2751363298439521,199.0934920004856
2023-10-27,80.05555555555556,6.0,28.86,-3.37,3.33,4.737699863857989,314.6579397086415
2023-10-27,80.05555555555556,6.388888888888889,28.9,,,,
2023-10-27,80.05555555555556,6.777777777777778,29.12,,,,
2023-10-27,80.05555555555556,7.166666666666667,29.1,,,,
2023-10-27,80.05555555555556,7.555555555555555,29.11,,,,
2023-10-27,80.05555555555556,8.722222222222221,29.5,,,,
2023-10-27,80.05555555555556,9.11111111111111,29.72,,,,
2023-10-27,80.05555555555556,9.5,29.84,,,,
2023-10-27,80.33333333333333,6.0,28.86,,,,
2023-10-27,80.61111111111111,6.0,28.88,,,,
2023-10-27,80.61111111111111,9.5,,-0.05,0.05,0.07071067811865477,315.0
2023-10-27,80.88888888888889,6.0,28.96,0.06,0.05,0.07810249675906655,50.19442890773481
2023-10-27,80.88888888888889,9.11111111111111,29.61,,,,
2023-10-27,80.88888888888889,9.5,29.59,0.21,-1.89,1.9016308790088574,173.6598082540901
2023-10-27,81.16666666666667,6.0,28.94,0.66,0.77,1.0141498903022177,40.60129464500447
2023-10-27,81.16666666666667,8.722222222222221,29.59,0.05,0.19,0.19646882704388502,14.743562836470735
2023-10-27,81.16666666666667,9.11111111111111,29.59,0.6,0.53,0.8005623023850174,48.544766455594875
2023-10-27,81.16666666666667,9.5,29.58,-0.18,1.48,1.4909057649630308,353.0656510987304
2023-10-27,81.44444444444444,6.0,28.94,-0.04,1.51,1.510529708413575,358.4825858749879
2023-10-27,81.44444444444444,6.388888888888889,28.94,,,,
2023-10-27,81.44444444444444,7.944444444444445,29.52,,,,
2023-10-27,81.44444444444444,8.333333333333334,29.61,0.08,-1.23,1.2325988804148735,176.27868673525026
2023-10-27,81.44444444444444,8.722222222222221,29.65,0.83,0.02,0.8302409288875127,88.61964592655556
2023-10-27,81.44444444444444,9.11111111111111,29.64,0.6,-0.34,0.6896375859826667,119.5387822595581
2023-10-27,81.44444444444444,9.5,29.64,-0.3,0.0,0.3,270.0
2023-10-27,81.72222222222223,6.0,28.94,-1.5,4.75,4.981214711292819,342.4744316262771
2023-10-27,81.72222222222223,6.388888888888889,28.94,1.56,4.35,4.62126606029127,19.72888398827493
2023-10-27,81.72222222222223,7.944444444444445,29.52,1.14,-1.45,1.8444782460088816,141.82532646447558
2023-10-27,81.72222222222223,8.333333333333334,29.61,-0.04,-1.24,1.240644993541666,181.8476102659946
2023-10-27,81.72222222222223,8.722222222222221,29.65,1.46,-0.69,1.6148374531202823,115.29554640032657
2023-10-27,81.72222222222223,9.11111111111111,29.64,0.5,-0.38,0.6280127387243033,127.23483398157467
2023-10-27,81.72222222222223,9.5,29.64,-0.08,-0.32,0.3298484500494129,194.03624346792648
2023-10-27,82.0,6.0,28.96,-4.02,6.94,8.020224435762382,329.91840132658655
2023-10-27,82.0,6.388888888888889,28.96,-0.73,7.73,7.764393086391235,354.6051435766179
2023-10-27,82.0,6.777777777777778,29.05,0.79,9.25,9.283673841750366,4.881523528938836
2023-10-27,82.0,7.166666666666667,29.14,-0.45,9.91,9.920211691289657,357.4000603900517
2023-10-27,82.0,7.555555555555555,29.25,0.24,9.78,9.782944342067983,1.4057492610463351
2023-10-27,82.0,7.944444444444445,29.47,0.88,7.34,7.392563831310488,6.836617209848884
2023-10-27,82.0,8.333333333333334,29.62,0.21,3.4,3.4064791207344864,3.5343671387647557
2023-10-27,82.0,8.722222222222221,29.62,1.42,1.75,2.2536414976655004,39.05686204708835
2023-10-27,82.0,9.11111111111111,29.62,1.53,1.11,1.8902380802428038,54.03948280335512
2023-10-27,82.0,9.5,29.63,0.36,-0.59,0.6911584478250989,148.60973189581222
2023-11-03,79.5,6.0,28.92,-0.86,-1.72,1.923018460649819,206.565051177078
2023-11-03,79.5,6.388888888888889,28.98,2.26,-2.78,3.5827363843855435,140.8906264162041
2023-11-03,79.5,6.777777777777778,29.16,4.07,-2.21,4.6313065111262075,118.50185156329903
2023-11-03,79.5,7.166666666666667,29.18,2.98,-1.14,3.1906112267087634,110.93436841944273
2023-11-03,79.5,7.555555555555555,29.2,1.61,-0.16,1.6179307772584093,95.67535588516917
2023-11-03,79.5,7.944444444444445,29.17,0.84,1.3,1.5477725931156683,32.8686789333675
2023-11-03,79.5,8.333333333333334,29.09,0.56,0.48,0.737563556583431,49.398705354995535
2023-11-03,79.5,8.722222222222221,29.25,0.99,0.72,1.22413234578619,53.9726266148964
2023-11-03,79.5,9.11111111111111,29.4,-0.16,-0.89,0.904267659490264,190.19150185002766
2023-11-03,79.5,9.5,29.49,0.11,-0.8,0.8075270893288968,172.17092348994038
2023-11-03,79.77777777777777,6.0,28.92,-1.81,-0.72,1.9479476378999514,248.307829236411
2023-11-03,79.77777777777777,6.388888888888889,28.98,-0.36,-1.32,1.3682105101189657,195.25511870305778
2023-11-03,79.77777777777777,6.777777777777778,29.16,0.11,1.62,1.6237302731673142,3.884491570053073
2023-11-03,79.77777777777777,7.166666666666667,29.18,,,,
2023-11-03,79.77777777777777,7.555555555555555,29.2,,,,
2023-11-03,79.77777777777777,7.944444444444445,29.17,,,,
2023-11-03,79.77777777777777,8.333333333333334,29.09,,,,
2023-11-03,79.77777777777777,8.722222222222221,29.25,-0.74,0.65,0.9849365461794988,311.29537255792286
2023-11-03,79.77777777777777,9.11111111111111,29.4,,,,
2023-11-03,79.77777777777777,9.5,29.49,0.3,-0.7,0.7615773105863908,156.80140948635182
2023-11-03,80.05555555555556,6.0,28.85,-1.56,1.64,2.263448696127217,316.43209618416466
2023-11-03,80.05555555555556,6.388888888888889,28.87,,,,
2023-11-03,80.05555555555556,6.777777777777778,29.12,,,,
2023-11-03,80.05555555555556,7.166666666666667,29.22,,,,
2023-11-03,80.05555555555556,7.555555555555555,29.25,,,,
2023-11-03,80.05555555555556,8.722222222222221,29.32,,,,
2023-11-03,80.05555555555556,9.11111111111111,29.5,,,,
2023-11-03,80.05555555555556,9.5,29.56,,,,
2023-11-03,80.33333333333333,6.0,28.83,,,,
2023-11-03,80.61111111111111,6.0,28.86,,,,
2023-11-03,80.61111111111111,9.5,,-0.16,0.17,0.23345235059857505,316.7357045889284
2023-11-03,80.88888888888889,6.0,29.04,-0.3,-0.21,0.3661966684720111,235.0079798014413
2023-11-03,80.88888888888889,9.11111111111111,29.44,,,,
2023-11-03,80.88888888888889,9.5,29.37,-0.47,-0.2,0.5107837115648853,246.94869908352698
2023-11-03,81.16666666666667,6.0,29.07,-1.36,-0.87,1.614465855941215,237.39271347694603
2023-11-03,81.16666666666667,8.722222222222221,29.61,0.14,-0.57,0.5869412236331675,166.20051460398062
2023-11-03,81.16666666666667,9.11111111111111,29.54,1.47,-3.04,3.376758800980609,154.19378894719057
2023-11-03,81.16666666666667,9.5,29.44,0.61,-1.81,1.910026177831079,161.37533074625267
2023-11-03,81.44444444444444,6.0,29.1,-1.0,-0.32,1.049952379872535,252.25532837494308
2023-11-03,81.44444444444444,6.388888888888889,29.14,,,,
2023-11-03,81.44444444444444,7.944444444444445,29.6,,,,
2023-11-03,81.44444444444444,8.333333333333334,29.74,-0.28,0.88,0.9234717104492156,342.34987578006985
2023-11-03,81.44444444444444,8.722222222222221,29.71,1.76,-0.72,1.901578291840754,112.24902365721238
2023-11-03,81.44444444444444,9.11111111111111,29.63,0.56,-1.07,1.2076837334335508,152.37403713265778
2023-11-03,81.44444444444444,9.5,29.52,0.27,-0.44,0.5162363799656122,148.46520809481171
2023-11-03,81.72222222222223,6.0,29.1,-0.46,-0.07,0.46529560496527367,261.34745820888526
2023-11-03,81.72222222222223,6.388888888888889,29.14,0.42,2.35,2.3872368964977064,10.13310991446981
2023-11-03,81.72222222222223,7.944444444444445,29.6,-0.07,1.63,1.631502375113196,357.54095600989535
2023-11-03,81.72222222222223,8.333333333333334,29.74,0.95,4.48,4.57961788799022,11.972423739469516
2023-11-03,81.72222222222223,8.722222222222221,29.71,1.93,1.4,2.3843028331149547,54.04329667404863
2023-11-03,81.72222222222223,9.11111111111111,29.63,0.39,0.08,0.39812058474788764,78.40782458970894
2023-11-03,81.72222222222223,9.5,29.52,0.17,-0.48,0.5092150822589606,160.4975514933378
2023-11-03,82.0,6.0,29.2,-1.19,-1.33,1.7846568297574747,221.82016988013575
2023-11-03,82.0,6.388888888888889,29.18,-0.69,0.36,0.7782673062643708,297.5528115767178
2023-11-03,82.0,6.777777777777778,29.05,0.33,2.27,2.2938613733179256,8.271398687974441
2023-11-03,82.0,7.166666666666667,29.04,0.22,5.49,5.49440624635638,2.2947779177685232
2023-11-03,82.0,7.555555555555555,29.14,-0.17,9.34,9.341546981094726,358.95725833810826
2023-11-03,82.0,7.944444444444445,29.51,0.86,11.25,11.282823228252758,4.371442053634532
2023-11-03,82.0,8.333333333333334,29.75,2.28,5.63,6.074150146316767,22.046636027218106
2023-11-03,82.0,8.722222222222221,29.75,3.04,4.68,5.580680962033218,33.00665127641303
2023-11-03,82.0,9.11111111111111,29.67,1.25,1.18,1.7189822570346676,46.650039395577885
2023-11-03,82.0,9.5,29.56,0.61,-0.44,0.7521303078589507,125.80334410837109
2023-11-10,79.5,6.0,29.55,2.7,0.62,2.7702707448911923,77.06739160326049
2023-11-10,79.5,6.388888888888889,29.6,4.7,1.14,4.836279561811952,76.36602721059565
2023-11-10,79.5,6.777777777777778,29.62,4.09,1.51,4.359839446585161,69.73619917506832
2023-11-10,79.5,7.166666666666667,29.66,1.4,3.01,3.319653596386225,24.94390526342458
2023-11-10,79.5,7.555555555555555,29.71,0.13,2.3,2.303670983452281,3.2350150577845755
2023-11-10,79.5,7.944444444444445,29.69,0.06,2.95,2.9506101064017254,1.1651772381887442
2023-11-10,79.5,8.333333333333334,29.52,0.5,0.97,1.091283647820309,27.269471988458072
2023-11-10,79.5,8.722222222222221,29.49,0.47,-0.67,0.818413098624405,144.9506266879516
2023-11-10,79.5,9.11111111111111,29.53,-0.35,-1.14,1.1925183436744276,197.0674048184644
2023-11-10,79.5,9.5,29.58,0.28,-0.74,0.7912016177940993,159.27444113443946
2023-11-10,79.77777777777777,6.0,29.55,3.2,-3.52,4.757141999141922,137.72631099390625
2023-11-10,79.77777777777777,6.388888888888889,29.6,2.18,-3.72,4.311704999185357,149.62878012622647
2023-11-10,79.77777777777777,6.777777777777778,29.62,0.45,0.8,0.9178779875342911,29.357753542791276
2023-11-10,79.77777777777777,7.166666666666667,29.66,,,,
2023-11-10,79.77777777777777,7.555555555555555,29.71,,,,
2023-11-10,79.77777777777777,7.944444444444445,29.69,,,,
2023-11-10,79.77777777777777,8.333333333333334,29.52,,,,
2023-11-10,79.77777777777777,8.722222222222221,29.49,-0.65,0.46,0.7963039620647383,305.2867489750597
2023-11-10,79.77777777777777,9.11111111111111,29.53,,,,
2023-11-10,79.77777777777777,9.5,29.58,0.19,-0.63,0.6580273550544841,163.2173558547293
2023-11-10,80.05555555555556,6.0,29.5,3.47,-3.09,4.64639645316669,131.68474198559665
2023-11-10,80.05555555555556,6.388888888888889,29.56,,,,
2023-11-10,80.05555555555556,6.777777777777778,29.58,,,,
2023-11-10,80.05555555555556,7.166666666666667,29.62,,,,
2023-11-10,80.05555555555556,7.555555555555555,29.65,,,,
2023-11-10,80.05555555555556,8.722222222222221,29.52,,,,
2023-11-10,80.05555555555556,9.11111111111111,29.6,,,,
2023-11-10,80.05555555555556,9.5,29.65,,,,
2023-11-10,80.33333333333333,6.0,29.51,,,,
2023-11-10,80.61111111111111,6.0,29.52,,,,
2023-11-10,80.61111111111111,9.5,,0.19,-0.09,0.2102379604162864,115.3461759419467
2023-11-10,80.88888888888889,6.0,29.55,-0.98,-0.55,1.1237882362794158,240.69779251786133
2023-11-10,80.88888888888889,9.11111111111111,29.56,,,,
2023-11-10,80.88888888888889,9.5,29.57,0.56,-1.18,1.3061393493804556,154.61209370890407
2023-11-10,81.16666666666667,6.0,29.53,-1.52,-0.28,1.5455743269089326,259.5625246488818
2023-11-10,81.16666666666667,8.722222222222221,29.69,-0.49,0.15,0.5124451190127582,287.0205256115199
2023-11-10,81.16666666666667,9.11111111111111,29.63,-0.49,1.35,1.4361754767437023,340.05097781644287
2023-11-10,81.16666666666667,9.5,29.62,2.87,-2.95,4.115750235376291,135.7875212556709
2023-11-10,81.44444444444444,6.0,29.46,-7.28,-5.28,8.993152950995551,234.0475719999007
2023-11-10,81.44444444444444,6.388888888888889,29.45,,,,
2023-11-10,81.44444444444444,7.944444444444445,29.84,,,,
2023-11-10,81.44444444444444,8.333333333333334,29.85,-0.07,0.54,0.5445181356024793,352.61395684873276
2023-11-10,81.44444444444444,8.722222222222221,29.77,-0.52,-0.94,1.0742439201596627,208.9509952074668
2023-11-10,81.44444444444444,9.11111111111111,29.72,-0.19,-0.64,0.6676076692189807,196.53483785734514
2023-11-10,81.44444444444444,9.5,29.7,3.34,-3.23,4.646342647717665,134.04079955315257
2023-11-10,81.72222222222223,6.0,29.46,-7.62,-6.55,10.048228699626616,229.3183032992146
2023-11-10,81.72222222222223,6.388888888888889,29.45,-5.11,-6.82,8.522000938746721,216.8430045337551
2023-11-10,81.72222222222223,7.944444444444445,29.84,0.98,0.4,1.0584894897919392,67.79652146794261
2023-11-10,81.72222222222223,8.333333333333334,29.85,0.56,0.34,0.6551335741663681,58.73626830562258
2023-11-10,81.72222222222223,8.722222222222221,29.77,0.36,0.91,0.9786214794290998,21.583969241769587
2023-11-10,81.72222222222223,9.11111111111111,29.72,-0.13,1.45,1.4558159224297555,354.87683446287184
2023-11-10,81.72222222222223,9.5,29.7,3.73,-0.52,3.7660722244800353,97.93646358121883
2023-11-10,82.0,6.0,29.43,-7.78,-3.45,8.510634523935334,246.08536003083248
2023-11-10,82.0,6.388888888888889,29.42,-6.38,-4.13,7.600085525834561,237.08358758345426
2023-11-10,82.0,6.777777777777778,29.43,-2.02,1.55,2.546153962351845,307.49999079303495
2023-11-10,82.0,7.166666666666667,29.46,-0.43,7.21,7.222811087104521,356.58695741227
2023-11-10,82.0,7.555555555555555,29.55,0.12,9.31,9.310773329858266,0.7384653946721753
2023-11-10,82.0,7.944444444444445,29.73,0.56,9.71,9.72613489521917,3.3007346878675805
2023-11-10,82.0,8.333333333333334,29.79,0.7,9.29,9.31633511634269,4.3090849612413935
2023-11-10,82.0,8.722222222222221,29.77,1.65,6.96,7.152908499344864,13.336838377910953
2023-11-10,82.0,9.11111111111111,29.73,1.13,3.87,4.031600178589142,16.27725871500539
2023-11-10,82.0,9.5,29.7,4.86,2.14,5.310291894048763,66.2347041342539
2023-11-17,79.5,6.0,29.03,1.78,2.28,2.8925421345245774,37.97922085479881
2023-11-17,79.5,6.388888888888889,29.07,0.11,2.75,2.7521991207032968,2.2906100426385296
2023-11-17,79.5,6.777777777777778,29.27,0.63,3.82,3.8716017357161108,9.365004629401911
2023-11-17,79.5,7.166666666666667,29.33,1.47,3.6,3.8885601448351035,22.211830686446206
2023-11-17,79.5,7.555555555555555,29.34,1.33,3.83,4.054355682472863,19.149991630280077
2023-11-17,79.5,7.944444444444445,29.27,0.81,2.89,3.0013663555121024,15.656952765795701
2023-11-17,79.5,8.333333333333334,29.16,-0.98,-1.07,1.4509651959988563,222.48618976382227
2023-11-17,79.5,8.722222222222221,29.03,-1.03,-1.09,1.499666629621397,223.3788540863466
2023-11-17,79.5,9.11111111111111,28.98,-0.13,-0.68,0.6923149572268391,190.8230112262071
2023-11-17,79.5,9.5,28.88,0.2,-0.67,0.6992138442565337,163.37924308610795
2023-11-17,79.77777777777777,6.0,29.03,0.06,-0.42,0.42426406871192845,171.86989764584402
2023-11-17,79.77777777777777,6.388888888888889,29.07,-0.2,-1.56,1.572768260107,187.30575953331083
2023-11-17,79.77777777777777,6.777777777777778,29.27,0.25,1.03,1.0599056561788884,13.64291477599007
2023-11-17,79.77777777777777,7.166666666666667,29.33,,,,
2023-11-17,79.77777777777777,7.555555555555555,29.34,,,,
2023-11-17,79.77777777777777,7.944444444444445,29.27,,,,
2023-11-17,79.77777777777777,8.333333333333334,29.16,,,,
2023-11-17,79.77777777777777,8.722222222222221,29.03,-0.53,-0.32,0.6191122676865642,238.877529803208
2023-11-17,79.77777777777777,9.11111111111111,28.98,,,,
2023-11-17,79.77777777777777,9.5,28.88,0.07,-0.58,0.5842088667591412,173.11827636936306
2023-11-17,80.05555555555556,6.0,29.05,0.06,-1.35,1.351332675546625,177.4551956201869
2023-11-17,80.05555555555556,6.388888888888889,29.0,,,,
2023-11-17,80.05555555555556,6.777777777777778,29.23,,,,
2023-11-17,80.05555555555556,7.166666666666667,29.27,,,,
2023-11-17,80.05555555555556,7.555555555555555,29.3,,,,
2023-11-17,80.05555555555556,8.722222222222221,29.12,,,,
2023-11-17,80.05555555555556,9.11111111111111,29.09,,,,
2023-11-17,80.05555555555556,9.5,28.98,,,,
2023-11-17,80.33333333333333,6.0,29.1,,,,
2023-11-17,80.61111111111111,6.0,29.14,,,,
2023-11-17,80.61111111111111,9.5,,0.11,-0.1,0.14866068747318506,132.27368900609375
2023-11-17,80.88888888888889,6.0,29.19,-0.46,-0.44,0.6365532185135819,226.2730300200567
2023-11-17,80.88888888888889,9.11111111111111,29.21,,,,
2023-11-17,80.88888888888889,9.5,29.17,0.84,-1.35,1.59,148.1092081981543
2023-11-17,81.16666666666667,6.0,29.18,-1.42,-0.33,1.4578408692309324,256.91700932518887
2023-11-17,81.16666666666667,8.722222222222221,29.38,0.44,-0.78,0.8955445270895245,150.57254359681028
2023-11-17,81.16666666666667,9.11111111111111,29.31,-0.2,-3.32,3.3260186409579844,183.4473868518652
2023-11-17,81.16666666666667,9.5,29.25,3.29,-4.42,5.510036297521097,143.3380716023866
2023-11-17,81.44444444444444,6.0,29.26,-2.49,0.65,2.573441275801723,284.6302406355178
2023-11-17,81.44444444444444,6.388888888888889,29.35,,,,
2023-11-17,81.44444444444444,7.944444444444445,29.6,,,,
2023-11-17,81.44444444444444,8.333333333333334,29.7,0.3,-1.3,1.3341664064126335,167.0053832080835
2023-11-17,81.44444444444444,8.722222222222221,29.56,0.52,-3.45,3.4889683288903615,171.42863364605884
2023-11-17,81.44444444444444,9.11111111111111,29.5,1.32,-3.63,3.8625509705374763,160.01689347810003
2023-11-17,81.44444444444444,9.5,29.46,4.47,-2.26,5.0088421815824855,116.82083420781727
2023-11-17,81.72222222222223,6.0,29.26,-1.52,0.41,1.574325252290644,285.0955208442111
2023-11-17,81.72222222222223,6.388888888888889,29.35,1.33,2.25,2.6136947029062134,30.587805369132965
2023-11-17,81.72222222222223,7.944444444444445,29.6,1.46,-2.37,2.7836127604248406,148.36552869030953
2023-11-17,81.72222222222223,8.333333333333334,29.7,0.74,-2.03,2.160671192014185,159.97158247171907
2023-11-17,81.72222222222223,8.722222222222221,29.56,0.24,-2.58,2.591138745802702,174.68545433005525
2023-11-17,81.72222222222223,9.11111111111111,29.5,0.86,-2.48,2.6248809496813377,160.87477397921293
2023-11-17,81.72222222222223,9.5,29.46,5.38,-0.47,5.400490718444019,94.99271786014496
2023-11-17,82.0,6.0,29.3,-2.11,0.6,2.1936499264923746,285.8736416747997
2023-11-17,82.0,6.388888888888889,29.33,-0.12,2.35,2.35306183514161,357.07679706802185
2023-11-17,82.0,6.777777777777778,29.29,1.48,5.27,5.473874313500447,15.686596147502982
2023-11-17,82.0,7.166666666666667,29.31,0.29,8.35,8.355034410461755,1.9891137943360253
2023-11-17,82.0,7.555555555555555,29.31,1.71,6.47,6.69215959164155,14.804571401273549
2023-11-17,82.0,7.944444444444445,29.5,0.47,5.51,5.530009041583929,4.8754969523879685
2023-11-17,82.0,8.333333333333334,29.66,0.22,7.81,7.8130979771150955,1.6135389328811824
2023-11-17,82.0,8.722222222222221,29.55,1.6,5.77,5.9877291187895265,15.498500512355356
2023-11-17,82.0,9.11111111111111,29.51,1.51,0.87,1.7426990560621762,60.05121999259098
2023-11-17,82.0,9.5,29.48,5.98,0.79,6.031956564830354,82.47440278276198
2023-11-24,79.5,6.0,29.21,-6.42,4.1,7.617506153591213,302.5634931042983
2023-11-24,79.5,6.388888888888889,29.12,-3.05,7.04,7.672294311351722,336.5758753219615
2023-11-24,79.5,6.777777777777778,29.09,2.64,6.24,6.77548522247669,22.932100437589785
2023-11-24,79.5,7.166666666666667,29.04,2.57,7.21,7.654345171208312,19.61857751565073
2023-11-24,79.5,7.555555555555555,29.06,-1.1,6.01,6.109836331686799,349.6280526636381
2023-11-24,79.5,7.944444444444445,29.17,-0.91,6.38,6.444571358903554,351.88247078137033
2023-11-24,79.5,8.333333333333334,29.09,-1.49,4.05,4.315391059915659,339.8013688936252
2023-11-24,79.5,8.722222222222221,28.94,-1.88,2.69,3.281843993854674,325.05088726684494
2023-11-24,79.5,9.11111111111111,28.76,-0.98,0.04,0.9808159868191383,272.33730585912383
2023-11-24,79.5,9.5,28.55,0.12,-0.22,0.25059928172283336,151.3895403340348
2023-11-24,79.77777777777777,6.0,29.21,-7.5,5.19,9.120641424812183,304.6832342928968
2023-11-24,79.77777777777777,6.388888888888889,29.12,0.7,-1.46,1.6191355718407274,154.38451567935783
2023-11-24,79.77777777777777,6.777777777777778,29.09,0.37,-0.42,0.5597320787662612,138.62148470411734
2023-11-24,79.77777777777777,7.166666666666667,29.04,,,,
2023-11-24,79.77777777777777,7.555555555555555,29.06,,,,
2023-11-24,79.77777777777777,7.944444444444445,29.17,,,,
2023-11-24,79.77777777777777,8.333333333333334,29.09,,,,
2023-11-24,79.77777777777777,8.722222222222221,28.94,-0.5,0.4,0.6403124237432849,308.6598082540901
2023-11-24,79.77777777777777,9.11111111111111,28.76,,,,
2023-11-24,79.77777777777777,9.5,28.55,-0.05,-0.17,0.17720045146669353,196.38954033403476
2023-11-24,80.05555555555556,6.0,29.2,-3.55,2.6,4.40028408173836,306.2188372656145
2023-11-24,80.05555555555556,6.388888888888889,29.09,,,,
2023-11-24,80.05555555555556,6.777777777777778,29.01,,,,
2023-11-24,80.05555555555556,7.166666666666667,28.97,,,,
2023-11-24,80.05555555555556,7.555555555555555,29.0,,,,
2023-11-24,80.05555555555556,8.722222222222221,28.95,,,,
2023-11-24,80.05555555555556,9.11111111111111,28.86,,,,
2023-11-24,80.05555555555556,9.5,28.69,,,,
2023-11-24,80.33333333333333,6.0,29.11,,,,
2023-11-24,80.61111111111111,6.0,29.1,,,,
2023-11-24,80.61111111111111,9.5,,-0.01,-0.04,0.04123105625617661,194.03624346792648
2023-11-24,80.88888888888889,6.0,29.12,-0.87,-0.7,1.1166467659918242,231.1799242491831
2023-11-24,80.88888888888889,9.11111111111111,28.79,,,,
2023-11-24,80.88888888888889,9.5,28.75,0.65,-0.96,1.1593532679903913,145.89872580575286
2023-11-24,81.16666666666667,6.0,29.14,-5.43,-1.26,5.574271252818614,256.9360458726137
2023-11-24,81.16666666666667,8.722222222222221,28.83,-0.64,0.03,0.6407027391856539,272.68377515946895
2023-11-24,81.16666666666667,9.11111111111111,28.78,1.61,-1.43,2.1533694527414475,131.61144300927648
2023-11-24,81.16666666666667,9.5,28.73,5.34,-7.45,9.166138772678494,144.3678587382997
2023-11-24,81.44444444444444,6.0,29.2,-5.51,-0.91,5.584639648177848,260.6220106417491
2023-11-24,81.44444444444444,6.388888888888889,29.3,,,,
2023-11-24,81.44444444444444,7.944444444444445,29.34,,,,
2023-11-24,81.44444444444444,8.333333333333334,29.11,0.06,-0.24,0.24738633753705963,165.96375653207352
2023-11-24,81.44444444444444,8.722222222222221,28.88,-0.19,-0.9,0.9198369420718001,191.9207385399223
2023-11-24,81.44444444444444,9.11111111111111,28.85,5.75,-5.7,8.096449839281412,134.74980167980246
2023-11-24,81.44444444444444,9.5,28.83,4.99,-6.03,7.826940653920918,140.3912564288629
2023-11-24,81.72222222222223,6.0,29.2,-5.6,0.93,5.676697983863506,279.42913612455857
2023-11-24,81.72222222222223,6.388888888888889,29.3,-1.61,0.63,1.7288724649319858,291.3706222693432
2023-11-24,81.72222222222223,7.944444444444445,29.34,-1.35,2.03,2.4379089400549807,326.37511535774547
2023-11-24,81.72222222222223,8.333333333333334,29.11,0.07,-0.64,0.6438167441127949,173.75808565258495
2023-11-24,81.72222222222223,8.722222222222221,28.88,2.66,-4.16,4.937732273017645,147.40421316910965
2023-11-24,81.72222222222223,9.11111111111111,28.85,6.77,-5.37,8.641168902411293,128.4216381224257
2023-11-24,81.72222222222223,9.5,28.83,4.07,-3.21,5.183531614642666,128.2627664237638
2023-11-24,82.0,6.0,29.22,-7.16,1.68,7.354454432519111,283.2048327323135
2023-11-24,82.0,6.388888888888889,29.28,-3.96,3.14,5.053830230627064,308.41192941952585
2023-11-24,82.0,6.777777777777778,29.3,-0.81,5.73,5.786968118108135,351.9539089925476
2023-11-24,82.0,7.166666666666667,29.28,-0.6,7.27,7.294717266625211,355.28201750459385
2023-11-24,82.0,7.555555555555555,29.3,-0.16,6.92,6.921849463835515,358.6754780877088
2023-11-24,82.0,7.944444444444445,29.31,-1.44,0.66,1.5840454538932902,294.6235647861636
2023-11-24,82.0,8.333333333333334,29.08,1.08,-1.39,1.7602556632489497,142.15356431839442
2023-11-24,82.0,8.722222222222221,28.93,3.54,-3.26,4.8124006483251165,132.6420940292831
2023-11-24,82.0,9.11111111111111,28.92,5.33,-2.21,5.770008665504758,112.5205656028969
2023-11-24,82.0,9.5,28.91,3.56,-1.14,3.7380743705817303,107.75635034065408
